row_idx,absa_overall_sentiment,fw_overall_sentiment,absa_overall_emotion,fw_overall_emotion,absa_triplets_n,fw_triplets_n,triplet_term_sent_precision,triplet_term_sent_recall,triplet_term_sent_f1,fw_status_code,fw_error
0,Neutral,Negative,Anger,Sadness,2,1,0.0,0.0,0.0,200,
1,Neutral,Negative,Sadness,Sadness,2,2,0.5,0.5,0.5,200,
2,Neutral,Positive,Happy,Happy,2,2,1.0,1.0,1.0,200,
3,Neutral,Negative,Happy,Sadness,2,2,0.0,0.0,0.0,200,
4,Neutral,Neutral,Happy,Happy,2,1,0.0,0.0,0.0,200,
5,Negative,Negative,Sadness,Sadness,2,1,0.0,0.0,0.0,200,
6,Positive,Positive,Happy,Happy,2,2,1.0,1.0,1.0,200,
7,Negative,Negative,Sadness,Sadness,2,2,1.0,1.0,1.0,200,
8,Negative,Negative,Anger,Anger,2,1,1.0,0.5,0.6666666666666666,200,
9,Negative,Negative,Anger,Sadness,2,1,1.0,0.5,0.6666666666666666,200,
10,Neutral,Negative,Happy,Sadness,2,2,0.0,0.0,0.0,200,
11,Neutral,Negative,Anger,Anger,2,2,0.5,0.5,0.5,200,
12,Positive,Positive,Happy,Happy,2,2,0.5,0.5,0.5,200,
13,Neutral,Negative,Happy,Happy,2,2,1.0,1.0,1.0,200,
14,Neutral,Negative,Happy,Anger,2,2,1.0,1.0,1.0,200,
15,Neutral,Negative,Happy,Sadness,2,1,1.0,0.5,0.6666666666666666,200,
16,Neutral,Negative,Anger,Anger,2,2,1.0,1.0,1.0,200,
17,Negative,Negative,Anger,Anger,2,1,1.0,0.5,0.6666666666666666,200,
18,Negative,Negative,Anger,Anger,2,1,1.0,0.5,0.6666666666666666,200,
19,Negative,Negative,Anger,Anger,2,2,1.0,1.0,1.0,200,
20,Negative,Negative,Sadness,Sadness,2,1,1.0,0.5,0.6666666666666666,200,
21,Neutral,Negative,Sadness,Sadness,2,2,1.0,1.0,1.0,200,
22,Negative,Negative,Anger,Sadness,2,2,1.0,1.0,1.0,200,
23,Negative,Negative,Fear,Anger,2,1,0.0,0.0,0.0,200,
24,Negative,Negative,Sadness,Sadness,2,1,1.0,0.5,0.6666666666666666,200,
25,Neutral,Negative,Sadness,Sadness,2,2,1.0,1.0,1.0,200,
26,Neutral,Neutral,Happy,Happy,2,1,1.0,0.5,0.6666666666666666,200,
27,Negative,Negative,Sadness,Sadness,2,2,0.5,0.5,0.5,200,
28,Neutral,Negative,Happy,Anger,2,2,1.0,1.0,1.0,200,
29,Negative,Negative,Anger,Anger,2,1,1.0,0.5,0.6666666666666666,200,
30,Neutral,Negative,Happy,Anger,2,1,0.0,0.0,0.0,200,
31,Negative,Negative,Anger,Sadness,2,2,0.5,0.5,0.5,200,
32,Neutral,Negative,Sadness,Sadness,2,1,0.0,0.0,0.0,200,
33,Negative,Negative,Anger,Sadness,2,2,1.0,1.0,1.0,200,
34,Negative,Negative,Anger,Sadness,2,2,1.0,1.0,1.0,200,
35,Negative,Negative,Anger,Sadness,2,2,1.0,0.5,0.6666666666666666,200,
36,Positive,Positive,Happy,Happy,2,2,1.0,1.0,1.0,200,
37,Positive,Negative,Happy,Anger,2,3,0.6666666666666666,1.0,0.8,200,
38,Neutral,Negative,Sadness,Sadness,2,2,0.5,0.5,0.5,200,
39,Neutral,Neutral,Happy,Happy,2,1,0.0,0.0,0.0,200,
40,Negative,Negative,Anger,Anger,2,2,1.0,1.0,1.0,200,
41,Negative,Negative,Anger,Anger,2,2,1.0,1.0,1.0,200,
42,Negative,Negative,Sadness,Anger,2,2,0.5,0.5,0.5,200,
43,Negative,Negative,Anger,Anger,2,1,1.0,0.5,0.6666666666666666,200,
44,Neutral,Negative,Anger,Anger,2,2,1.0,1.0,1.0,200,
45,Negative,Negative,Anger,Anger,2,2,0.0,0.0,0.0,200,
46,Neutral,Negative,Sadness,Sadness,2,2,0.5,0.5,0.5,200,
47,Negative,Negative,Sadness,Sadness,2,2,1.0,1.0,1.0,200,
48,Neutral,Neutral,Sadness,Sadness,2,2,0.0,0.0,0.0,200,
49,Neutral,Negative,Anger,Anger,2,2,1.0,1.0,1.0,200,
50,Negative,Negative,Anger,Sadness,2,1,1.0,0.5,0.6666666666666666,200,
51,Negative,Negative,Anger,Sadness,2,2,1.0,1.0,1.0,200,
52,Positive,Positive,Happy,Happy,2,2,0.5,0.5,0.5,200,
53,Negative,Negative,Anger,Anger,2,1,0.0,0.0,0.0,200,
54,Positive,Negative,Happy,Sadness,2,2,1.0,1.0,1.0,200,
55,Neutral,Negative,Sadness,Sadness,2,2,1.0,1.0,1.0,200,
56,Negative,Negative,Anger,Sadness,2,2,1.0,1.0,1.0,200,
57,Positive,Positive,Happy,Happy,2,1,1.0,0.5,0.6666666666666666,200,
58,Negative,Negative,Anger,Sadness,2,2,1.0,1.0,1.0,200,
59,Negative,Negative,Sadness,Sadness,2,2,0.5,0.5,0.5,200,
60,Neutral,Negative,Anger,Sadness,2,2,1.0,1.0,1.0,200,
61,Negative,Negative,Anger,Anger,2,2,1.0,1.0,1.0,200,
62,Negative,Negative,Anger,Anger,2,2,1.0,1.0,1.0,200,
63,Neutral,Negative,Anger,Anger,2,2,1.0,1.0,1.0,200,
64,Negative,Negative,Anger,Anger,2,1,1.0,0.5,0.6666666666666666,200,
65,Neutral,Negative,Sadness,Sadness,2,2,1.0,1.0,1.0,200,
66,Neutral,Negative,Anger,Anger,2,1,0.0,0.0,0.0,200,
67,Negative,Negative,Anger,Anger,2,2,1.0,1.0,1.0,200,
68,Negative,Negative,Anger,Anger,2,2,1.0,1.0,1.0,200,
69,Negative,Negative,Anger,Sadness,2,1,1.0,0.5,0.6666666666666666,200,
70,Neutral,Negative,Anger,Anger,2,2,1.0,1.0,1.0,200,
71,Neutral,Negative,Happy,Sadness,2,2,0.5,0.5,0.5,200,
72,Negative,Negative,Anger,Anger,2,2,1.0,1.0,1.0,200,
73,Negative,Negative,Anger,Anger,2,1,1.0,0.5,0.6666666666666666,200,
74,Neutral,Neutral,Sadness,Sadness,2,3,0.0,0.0,0.0,200,
75,Negative,Negative,Sadness,Sadness,2,1,0.0,0.0,0.0,200,
76,Neutral,Negative,Happy,Sadness,2,1,1.0,0.5,0.6666666666666666,200,
77,Negative,Negative,Anger,Sadness,2,2,1.0,1.0,1.0,200,
78,Positive,Negative,Happy,Anger,2,1,0.0,0.0,0.0,200,
79,Neutral,Neutral,Sadness,Sadness,2,2,0.0,0.0,0.0,200,
80,Negative,Negative,Anger,Anger,2,1,1.0,0.5,0.6666666666666666,200,
81,Neutral,Negative,Happy,Sadness,2,2,0.5,0.5,0.5,200,
82,Neutral,Positive,Sadness,Happy,2,1,0.0,0.0,0.0,200,
83,Neutral,Negative,Happy,Sadness,2,2,1.0,1.0,1.0,200,
84,Neutral,Negative,Anger,Sadness,2,2,1.0,1.0,1.0,200,
85,Neutral,Neutral,Happy,Happy,2,2,0.5,0.5,0.5,200,
86,Neutral,Negative,Happy,Sadness,2,1,1.0,0.5,0.6666666666666666,200,
87,Negative,Negative,Anger,Sadness,2,3,1.0,1.0,1.0,200,
88,Negative,Negative,Anger,Anger,2,1,0.0,0.0,0.0,200,
89,Neutral,Negative,Sadness,Sadness,2,2,0.5,0.5,0.5,200,
90,Neutral,Negative,Anger,Anger,2,2,1.0,1.0,1.0,200,
91,Negative,Negative,Anger,Anger,2,2,1.0,1.0,1.0,200,
92,Negative,Negative,Sadness,Sadness,2,1,0.0,0.0,0.0,200,
93,Neutral,Positive,Happy,Happy,2,2,0.0,0.0,0.0,200,
94,Negative,Negative,Anger,Sadness,2,2,0.5,0.5,0.5,200,
95,Negative,Negative,Anger,Anger,2,2,1.0,0.5,0.6666666666666666,200,
96,Positive,Negative,Happy,Anger,2,2,0.5,0.5,0.5,200,
97,Negative,Positive,Anger,Happy,2,2,0.5,0.5,0.5,200,
98,Negative,Negative,Anger,Anger,2,2,1.0,1.0,1.0,200,
99,Positive,Positive,Happy,Happy,2,2,1.0,1.0,1.0,200,
100,Negative,Negative,Anger,Anger,2,2,1.0,1.0,1.0,200,
101,Neutral,Negative,Anger,Sadness,2,2,0.5,0.5,0.5,200,
102,Negative,Negative,Anger,Anger,2,1,0.0,0.0,0.0,200,
103,Neutral,Negative,Sadness,Sadness,2,2,1.0,1.0,1.0,200,
104,Neutral,Negative,Happy,Sadness,2,1,1.0,0.5,0.6666666666666666,200,
105,Negative,Negative,Anger,Sadness,2,2,1.0,1.0,1.0,200,
106,Positive,Negative,Happy,Sadness,2,2,0.5,0.5,0.5,200,
107,Negative,Negative,Anger,Sadness,2,2,1.0,1.0,1.0,200,
108,Positive,Positive,Happy,Love,2,1,0.0,0.0,0.0,200,
109,Neutral,Negative,Happy,Sadness,2,1,0.0,0.0,0.0,200,
110,Negative,Negative,Anger,Sadness,2,2,0.0,0.0,0.0,200,
111,Neutral,Negative,Anger,Anger,2,2,1.0,1.0,1.0,200,
112,Neutral,Positive,Happy,Happy,2,4,0.25,0.5,0.3333333333333333,200,
113,Neutral,Negative,Anger,Anger,2,2,1.0,1.0,1.0,200,
114,Negative,Negative,Anger,Sadness,2,1,1.0,0.5,0.6666666666666666,200,
115,Positive,Positive,Happy,Happy,2,2,0.5,0.5,0.5,200,
116,Neutral,Neutral,Fear,Sadness,2,2,0.5,0.5,0.5,200,
117,Negative,Negative,Anger,Anger,2,2,1.0,1.0,1.0,200,
118,Negative,Negative,Anger,Anger,2,2,0.5,0.5,0.5,200,
119,Neutral,Negative,Sadness,Anger,2,2,1.0,1.0,1.0,200,
120,Negative,Negative,Anger,Sadness,2,2,1.0,1.0,1.0,200,
121,Neutral,Positive,Happy,Happy,2,2,0.0,0.0,0.0,200,
122,Positive,Positive,Happy,Happy,2,2,1.0,1.0,1.0,200,
123,Negative,Negative,Anger,Anger,2,1,1.0,0.5,0.6666666666666666,200,
124,Neutral,Negative,Happy,Anger,2,1,1.0,0.5,0.6666666666666666,200,
125,Negative,Negative,Sadness,Sadness,2,1,0.0,0.0,0.0,200,
126,Negative,Negative,Anger,Anger,2,1,0.0,0.0,0.0,200,
127,Positive,Positive,Happy,Happy,2,3,0.6666666666666666,1.0,0.8,200,
128,Neutral,Negative,Happy,Anger,2,1,0.0,0.0,0.0,200,
129,Positive,Negative,Happy,Sadness,2,2,0.5,0.5,0.5,200,
130,Negative,Negative,Sadness,Sadness,2,2,0.5,0.5,0.5,200,
131,Positive,Positive,Happy,Happy,2,2,1.0,1.0,1.0,200,
132,Neutral,Neutral,Anger,Anger,2,2,0.0,0.0,0.0,200,
133,Positive,Positive,Happy,Happy,2,2,0.0,0.0,0.0,200,
134,Neutral,Negative,Happy,Sadness,2,2,1.0,1.0,1.0,200,
135,Neutral,Negative,Anger,Anger,2,2,1.0,1.0,1.0,200,
136,Neutral,Negative,Happy,Anger,2,2,0.5,0.5,0.5,200,
137,Positive,Positive,Happy,Happy,2,2,1.0,1.0,1.0,200,
138,Neutral,Positive,Anger,Happy,2,2,1.0,1.0,1.0,200,
139,Neutral,Neutral,Sadness,Sadness,2,2,0.0,0.0,0.0,200,
140,Neutral,Neutral,Sadness,Sadness,2,2,1.0,1.0,1.0,200,
141,Negative,Negative,Anger,Anger,2,1,0.0,0.0,0.0,200,
142,Neutral,Negative,Sadness,Sadness,2,2,0.0,0.0,0.0,200,
143,Neutral,Negative,Happy,Anger,2,2,0.5,0.5,0.5,200,
144,Positive,Positive,Happy,Happy,2,3,0.6666666666666666,1.0,0.8,200,
145,Negative,Negative,Anger,Anger,2,2,1.0,0.5,0.6666666666666666,200,
146,Neutral,Negative,Sadness,Sadness,2,1,1.0,0.5,0.6666666666666666,200,
147,Neutral,Negative,Anger,Anger,2,2,0.0,0.0,0.0,200,
148,Neutral,Negative,Anger,Anger,2,2,1.0,1.0,1.0,200,
149,Neutral,Negative,Anger,Anger,2,1,1.0,0.5,0.6666666666666666,200,
150,Negative,Negative,Anger,Sadness,2,1,0.0,0.0,0.0,200,
151,Neutral,Negative,Sadness,Sadness,2,2,1.0,1.0,1.0,200,
152,Negative,Negative,Anger,Anger,2,2,0.0,0.0,0.0,200,
153,Positive,Positive,Happy,Happy,2,2,0.5,0.5,0.5,200,
154,Neutral,Negative,Happy,Sadness,2,2,1.0,1.0,1.0,200,
155,Neutral,Negative,Happy,Sadness,2,2,1.0,1.0,1.0,200,
156,Neutral,Negative,Anger,Anger,2,2,1.0,1.0,1.0,200,
157,Negative,Negative,Sadness,Anger,2,2,0.5,0.5,0.5,200,
158,Neutral,Negative,Sadness,Sadness,2,2,0.5,0.5,0.5,200,
159,Negative,Negative,Anger,Sadness,2,2,1.0,1.0,1.0,200,
160,Neutral,Positive,Happy,Happy,2,1,1.0,0.5,0.6666666666666666,200,
161,Positive,Negative,Happy,Sadness,2,1,0.0,0.0,0.0,200,
162,Negative,Positive,Sadness,Happy,2,3,0.0,0.0,0.0,200,
163,Positive,Negative,Happy,Sadness,2,1,0.0,0.0,0.0,200,
164,Neutral,Negative,Sadness,Anger,2,2,1.0,1.0,1.0,200,
165,Negative,Negative,Anger,Anger,2,1,1.0,0.5,0.6666666666666666,200,
166,Neutral,Negative,Anger,Anger,2,2,1.0,1.0,1.0,200,
167,Negative,Negative,Anger,Anger,2,2,1.0,1.0,1.0,200,
168,Neutral,Negative,Happy,Sadness,2,1,0.0,0.0,0.0,200,
169,Positive,Neutral,Happy,Sadness,2,2,0.5,0.5,0.5,200,
170,Negative,Negative,Anger,Sadness,2,2,0.5,0.5,0.5,200,
171,Negative,Negative,Anger,Anger,2,1,1.0,0.5,0.6666666666666666,200,
172,Neutral,Negative,Anger,Anger,2,2,0.5,0.5,0.5,200,
173,Negative,Negative,Sadness,Sadness,2,2,1.0,1.0,1.0,200,
174,Positive,Negative,Happy,Anger,2,1,0.0,0.0,0.0,200,
175,Neutral,Neutral,Sadness,Sadness,2,2,0.5,0.5,0.5,200,
176,Negative,Positive,Sadness,Happy,2,2,0.5,0.5,0.5,200,
177,Neutral,Positive,Happy,Happy,2,1,1.0,0.5,0.6666666666666666,200,
178,Neutral,Neutral,Sadness,Sadness,2,2,0.0,0.0,0.0,200,
179,Positive,Positive,Happy,Happy,2,3,0.5,0.5,0.5,200,
180,Negative,Positive,Sadness,Happy,2,2,0.5,0.5,0.5,200,
181,Positive,Positive,Happy,Happy,2,2,1.0,1.0,1.0,200,
182,Negative,Negative,Anger,Sadness,2,1,1.0,0.5,0.6666666666666666,200,
183,Negative,Negative,Anger,Anger,2,2,1.0,1.0,1.0,200,
184,Positive,Negative,Happy,Sadness,2,2,0.5,0.5,0.5,200,
185,Positive,Negative,Happy,Sadness,2,2,0.0,0.0,0.0,200,
186,Positive,Negative,Happy,Anger,2,1,1.0,0.5,0.6666666666666666,200,
187,Negative,Negative,Sadness,Sadness,2,2,1.0,1.0,1.0,200,
188,Neutral,Negative,Sadness,Anger,2,1,0.0,0.0,0.0,200,
189,Neutral,Negative,Anger,Anger,2,2,0.5,0.5,0.5,200,
190,Neutral,Positive,Happy,Happy,2,2,1.0,1.0,1.0,200,
191,Positive,Positive,Happy,Happy,2,3,0.6666666666666666,1.0,0.8,200,
192,Negative,Negative,Anger,Anger,2,2,1.0,1.0,1.0,200,
193,Neutral,Negative,Anger,Anger,2,2,1.0,1.0,1.0,200,
194,Neutral,Negative,Happy,Sadness,2,1,1.0,0.5,0.6666666666666666,200,
195,Negative,Negative,Sadness,Sadness,2,2,1.0,1.0,1.0,200,
196,Negative,Negative,Anger,Anger,2,2,0.0,0.0,0.0,200,
197,Negative,Positive,Sadness,Happy,2,2,0.0,0.0,0.0,200,
198,Positive,Positive,Happy,Happy,2,2,0.5,0.5,0.5,200,
199,Negative,Negative,Anger,Anger,2,2,0.5,0.5,0.5,200,
200,Neutral,Neutral,Happy,Sadness,2,2,0.0,0.0,0.0,200,
201,Negative,Negative,Anger,Sadness,2,1,1.0,0.5,0.6666666666666666,200,
202,Negative,Negative,Sadness,Sadness,2,1,1.0,0.5,0.6666666666666666,200,
203,Negative,Negative,Anger,Sadness,2,2,0.5,0.5,0.5,200,
204,Negative,Negative,Sadness,Sadness,2,2,0.0,0.0,0.0,200,
205,Negative,Negative,Anger,Sadness,2,3,0.3333333333333333,0.5,0.4,200,
206,Negative,Positive,Anger,Happy,2,2,1.0,1.0,1.0,200,
207,Positive,Positive,Happy,Happy,3,2,0.5,0.3333333333333333,0.4,200,
208,Negative,Negative,Anger,Sadness,3,2,0.5,0.3333333333333333,0.4,200,
209,Neutral,Negative,Anger,Anger,3,2,0.5,0.3333333333333333,0.4,200,
210,Negative,Negative,Anger,Sadness,3,2,1.0,0.6666666666666666,0.8,200,
211,Negative,Negative,Anger,Sadness,3,3,1.0,1.0,1.0,200,
212,Negative,Positive,Sadness,Sadness,2,2,0.5,0.5,0.5,200,
213,Negative,Negative,Sadness,Sadness,2,2,0.0,0.0,0.0,200,
214,Negative,Negative,Anger,Anger,2,2,0.5,0.5,0.5,200,
215,Neutral,Negative,Anger,Sadness,2,2,1.0,1.0,1.0,200,
216,Neutral,Neutral,Sadness,Happy,2,2,0.5,0.5,0.5,200,
217,Neutral,Negative,Happy,Anger,2,2,1.0,1.0,1.0,200,
218,Neutral,Negative,Anger,Anger,2,2,0.0,0.0,0.0,200,
219,Neutral,Negative,Anger,Anger,2,2,1.0,1.0,1.0,200,
220,Negative,Negative,Anger,Anger,2,3,0.3333333333333333,0.5,0.4,200,
221,Neutral,Negative,Happy,Anger,2,2,1.0,1.0,1.0,200,
222,Positive,Negative,Happy,Sadness,2,3,0.0,0.0,0.0,200,
223,Neutral,Negative,Anger,Anger,2,2,1.0,1.0,1.0,200,
224,Negative,Negative,Anger,Anger,2,2,1.0,1.0,1.0,200,
225,Negative,Negative,Sadness,Sadness,2,1,0.0,0.0,0.0,200,
226,Negative,Negative,Anger,Anger,2,1,1.0,0.5,0.6666666666666666,200,
227,Neutral,Negative,Anger,Sadness,2,3,0.5,0.5,0.5,200,
228,Neutral,Negative,Anger,Anger,2,2,0.5,0.5,0.5,200,
229,Neutral,Negative,Sadness,Sadness,2,2,1.0,1.0,1.0,200,
230,Negative,Negative,Anger,Anger,2,2,1.0,1.0,1.0,200,
231,Neutral,Positive,Happy,Happy,2,2,1.0,1.0,1.0,200,
232,Neutral,Negative,Anger,Anger,2,1,1.0,0.5,0.6666666666666666,200,
233,Negative,Negative,Sadness,Sadness,2,1,1.0,0.5,0.6666666666666666,200,
234,Negative,Negative,Anger,Anger,2,2,1.0,0.5,0.6666666666666666,200,
235,Positive,Positive,Happy,Happy,2,2,0.0,0.0,0.0,200,
236,Positive,Negative,Happy,Sadness,2,2,1.0,1.0,1.0,200,
237,Negative,Negative,Anger,Sadness,2,2,1.0,1.0,1.0,200,
238,Positive,Negative,Happy,Sadness,2,2,0.5,0.5,0.5,200,
239,Positive,Positive,Happy,Happy,2,2,0.0,0.0,0.0,200,
240,Negative,Negative,Sadness,Anger,2,2,0.5,0.5,0.5,200,
241,Neutral,Negative,Anger,Anger,2,2,0.5,0.5,0.5,200,
242,Positive,Negative,Happy,Anger,2,2,0.5,0.5,0.5,200,
243,Positive,Positive,Happy,Happy,2,2,0.5,0.5,0.5,200,
244,Positive,Neutral,Happy,Love,2,2,0.5,0.5,0.5,200,
245,Positive,Negative,Happy,Anger,2,3,0.0,0.0,0.0,200,
246,Neutral,Negative,Anger,Anger,2,2,1.0,0.5,0.6666666666666666,200,
247,Positive,Neutral,Happy,Happy,2,2,0.0,0.0,0.0,200,
248,Neutral,Positive,Sadness,Happy,2,2,1.0,1.0,1.0,200,
249,Neutral,Neutral,Happy,Happy,2,2,1.0,1.0,1.0,200,
250,Neutral,Negative,Happy,Sadness,2,2,1.0,1.0,1.0,200,
251,Negative,Negative,Sadness,Sadness,2,3,1.0,1.0,1.0,200,
252,Positive,Positive,Happy,Happy,2,1,1.0,0.5,0.6666666666666666,200,
253,Negative,Negative,Anger,Sadness,2,2,1.0,1.0,1.0,200,
254,Neutral,Negative,Sadness,Sadness,2,2,1.0,1.0,1.0,200,
255,Positive,Negative,Happy,Anger,2,3,0.0,0.0,0.0,200,
256,Negative,Negative,Anger,Anger,2,2,0.0,0.0,0.0,200,
257,Positive,Neutral,Happy,Sadness,2,2,0.5,0.5,0.5,200,
258,Positive,Negative,Happy,Anger,2,2,0.0,0.0,0.0,200,
259,Negative,Negative,Anger,Sadness,2,2,1.0,1.0,1.0,200,
260,Negative,Positive,Anger,Happy,2,2,1.0,1.0,1.0,200,
261,Negative,Negative,Anger,Anger,3,2,1.0,0.6666666666666666,0.8,200,
262,Negative,Negative,Anger,Anger,3,3,1.0,1.0,1.0,200,
263,Negative,Negative,Anger,Anger,3,3,0.5,0.5,0.5,200,
264,Positive,Negative,Happy,Sadness,3,3,0.6666666666666666,0.6666666666666666,0.6666666666666666,200,
265,Negative,Negative,Anger,Sadness,3,2,1.0,0.3333333333333333,0.5,200,
266,Positive,Positive,Happy,Happy,3,2,0.5,0.5,0.5,200,
267,Neutral,Negative,Happy,Sadness,3,3,1.0,1.0,1.0,200,
268,Positive,Positive,Happy,Happy,3,1,0.0,0.0,0.0,200,
269,Positive,Positive,Happy,Happy,3,2,0.0,0.0,0.0,200,
270,Negative,Negative,Sadness,Sadness,2,2,0.5,0.5,0.5,200,
271,Positive,Positive,Happy,Happy,2,2,0.0,0.0,0.0,200,
272,Negative,Negative,Anger,Sadness,2,1,1.0,0.5,0.6666666666666666,200,
273,Negative,Negative,Anger,Anger,2,1,1.0,0.5,0.6666666666666666,200,
274,Neutral,Negative,Anger,Anger,2,2,1.0,1.0,1.0,200,
275,Negative,Positive,Anger,Happy,2,2,0.0,0.0,0.0,200,
276,Negative,Negative,Sadness,Sadness,2,2,0.5,0.5,0.5,200,
277,Negative,Negative,Happy,Anger,2,2,0.5,0.5,0.5,200,
278,Negative,Neutral,Sadness,Sadness,2,2,0.0,0.0,0.0,200,
279,Neutral,Positive,Sadness,Happy,2,2,0.0,0.0,0.0,200,
280,Negative,Negative,Anger,Sadness,2,2,0.5,0.5,0.5,200,
281,Negative,Negative,Anger,Anger,2,1,1.0,0.5,0.6666666666666666,200,
282,Positive,Negative,Happy,Sadness,2,2,1.0,1.0,1.0,200,
283,Neutral,Negative,Sadness,Sadness,2,2,0.0,0.0,0.0,200,
284,Neutral,Negative,Happy,Sadness,2,2,0.5,0.5,0.5,200,
285,Neutral,Negative,Anger,Anger,2,2,1.0,1.0,1.0,200,
286,Negative,Negative,Sadness,Sadness,2,1,1.0,0.5,0.6666666666666666,200,
287,Negative,Negative,Sadness,Sadness,2,2,1.0,1.0,1.0,200,
288,Positive,Positive,Happy,Happy,3,4,0.0,0.0,0.0,200,
289,Negative,Negative,Anger,Sadness,3,3,1.0,1.0,1.0,200,
290,Neutral,Negative,Anger,Anger,2,2,1.0,1.0,1.0,200,
291,Neutral,Negative,Happy,Anger,2,2,1.0,1.0,1.0,200,
292,Negative,Negative,Sadness,Sadness,2,2,1.0,1.0,1.0,200,
293,Positive,Negative,Happy,Anger,2,2,1.0,1.0,1.0,200,
294,Positive,Neutral,Happy,Happy,2,3,0.3333333333333333,0.5,0.4,200,
295,Positive,Positive,Happy,Happy,2,2,0.5,0.5,0.5,200,
296,Negative,Negative,Anger,Sadness,2,2,0.5,0.5,0.5,200,
297,Negative,Negative,Anger,Anger,2,2,1.0,0.5,0.6666666666666666,200,
298,Neutral,Negative,Sadness,Sadness,2,1,1.0,0.5,0.6666666666666666,200,
299,Negative,Negative,Anger,Sadness,2,1,1.0,0.5,0.6666666666666666,200,
300,Negative,Negative,Anger,Anger,2,3,1.0,1.0,1.0,200,
301,Positive,Positive,Happy,Happy,2,2,0.0,0.0,0.0,200,
302,Positive,Positive,Happy,Happy,2,2,0.0,0.0,0.0,200,
303,Neutral,Positive,Happy,Happy,2,2,0.0,0.0,0.0,200,
304,Neutral,Negative,Happy,Sadness,2,2,0.5,0.5,0.5,200,
305,Neutral,Negative,Anger,Sadness,2,2,1.0,1.0,1.0,200,
306,Negative,Negative,Sadness,Sadness,2,2,1.0,1.0,1.0,200,
307,Negative,Negative,Anger,Anger,2,2,0.0,0.0,0.0,200,
308,Neutral,Negative,Anger,Anger,2,2,0.5,0.5,0.5,200,
309,Positive,Positive,Happy,Happy,2,5,0.0,0.0,0.0,200,
310,Negative,Negative,Sadness,Sadness,2,2,1.0,1.0,1.0,200,
311,Positive,Positive,Happy,Happy,2,2,0.5,0.5,0.5,200,
312,Negative,Negative,Sadness,Sadness,2,1,1.0,0.5,0.6666666666666666,200,
313,Negative,Negative,Sadness,Anger,2,1,1.0,0.5,0.6666666666666666,200,
314,Negative,Negative,Sadness,Anger,3,2,1.0,0.6666666666666666,0.8,200,
315,Positive,Positive,Happy,Happy,3,3,0.6666666666666666,1.0,0.8,200,
316,Neutral,Negative,Anger,Anger,3,2,1.0,0.6666666666666666,0.8,200,
317,Positive,Negative,Happy,Anger,3,3,0.3333333333333333,0.3333333333333333,0.3333333333333333,200,
318,Positive,Negative,Happy,Sadness,2,2,0.5,0.5,0.5,200,
319,Negative,Negative,Anger,Anger,2,2,1.0,1.0,1.0,200,
320,Negative,Negative,Sadness,Sadness,2,2,0.0,0.0,0.0,200,
321,Negative,Negative,Anger,Sadness,2,2,0.0,0.0,0.0,200,
322,Neutral,Negative,Anger,Anger,2,2,1.0,1.0,1.0,200,
323,Neutral,Neutral,Fear,Sadness,2,2,0.0,0.0,0.0,200,
324,Positive,Positive,Happy,Happy,2,2,1.0,1.0,1.0,200,
325,Neutral,Negative,Anger,Anger,2,2,1.0,1.0,1.0,200,
326,Neutral,Negative,Happy,Anger,2,2,0.5,0.5,0.5,200,
327,Negative,Negative,Sadness,Sadness,2,2,0.5,0.5,0.5,200,
328,Negative,Negative,Sadness,Sadness,2,1,1.0,0.5,0.6666666666666666,200,
329,Positive,Positive,Happy,Happy,2,3,1.0,1.0,1.0,200,
330,Negative,Negative,Anger,Anger,2,2,0.5,0.5,0.5,200,
331,Negative,Negative,Anger,Sadness,2,1,1.0,0.5,0.6666666666666666,200,
332,Negative,Negative,Sadness,Sadness,2,2,0.5,0.5,0.5,200,
333,Positive,Positive,Happy,Happy,2,2,0.0,0.0,0.0,200,
334,Positive,Negative,Happy,Sadness,2,3,0.3333333333333333,0.5,0.4,200,
335,Negative,Negative,Anger,Anger,2,1,0.0,0.0,0.0,200,
336,Negative,Negative,Anger,Anger,2,4,0.6666666666666666,1.0,0.8,200,
337,Neutral,Neutral,Sadness,Sadness,2,2,1.0,1.0,1.0,200,
338,Positive,Negative,Happy,Sadness,2,2,1.0,1.0,1.0,200,
339,Negative,Negative,Sadness,Sadness,2,3,0.6666666666666666,1.0,0.8,200,
340,Negative,Negative,Sadness,Sadness,2,2,0.0,0.0,0.0,200,
341,Positive,Positive,Happy,Happy,2,2,1.0,1.0,1.0,200,
342,Positive,Positive,Happy,Sadness,2,2,0.5,0.5,0.5,200,
343,Neutral,Negative,Anger,Anger,2,2,0.5,0.5,0.5,200,
344,Positive,Neutral,Happy,Happy,2,2,1.0,1.0,1.0,200,
345,Negative,Negative,Anger,Anger,2,1,0.0,0.0,0.0,200,
346,Neutral,Negative,Anger,Sadness,2,2,0.0,0.0,0.0,200,
347,Negative,Negative,Anger,Anger,2,1,1.0,0.5,0.6666666666666666,200,
348,Negative,Negative,Sadness,Anger,2,2,0.0,0.0,0.0,200,
349,Negative,Negative,Anger,Anger,2,1,1.0,0.5,0.6666666666666666,200,
350,Neutral,Negative,Happy,Anger,2,2,0.5,0.5,0.5,200,
351,Neutral,Neutral,Happy,Happy,2,2,0.0,0.0,0.0,200,
352,Positive,Negative,Happy,Sadness,2,3,0.5,0.5,0.5,200,
353,Negative,Negative,Anger,Sadness,2,2,0.5,0.5,0.5,200,
354,Negative,Negative,Sadness,Sadness,2,4,0.6666666666666666,1.0,0.8,200,
355,Negative,Negative,Anger,Anger,2,2,1.0,1.0,1.0,200,
356,Negative,Negative,Sadness,Anger,2,3,0.0,0.0,0.0,200,
357,Negative,Negative,Anger,Anger,2,3,1.0,1.0,1.0,200,
358,Neutral,Negative,Anger,Anger,2,1,0.0,0.0,0.0,200,
359,Neutral,Negative,Anger,Anger,2,2,0.5,0.5,0.5,200,
360,Negative,Negative,Anger,Sadness,2,2,0.5,0.5,0.5,200,
361,Positive,Positive,Happy,Happy,3,2,0.5,0.3333333333333333,0.4,200,
362,Negative,Negative,Anger,Anger,2,3,1.0,0.5,0.6666666666666666,200,
363,Negative,Negative,Anger,Sadness,3,2,1.0,0.6666666666666666,0.8,200,
364,Negative,Negative,Anger,Anger,3,3,1.0,1.0,1.0,200,
365,Positive,Positive,Happy,Love,2,2,0.0,0.0,0.0,200,
366,Positive,Neutral,Happy,Happy,2,2,0.0,0.0,0.0,200,
367,Negative,Negative,Anger,Sadness,3,3,0.6666666666666666,1.0,0.8,200,
368,Negative,Negative,Anger,Anger,3,1,0.0,0.0,0.0,200,
369,Negative,Negative,Anger,Sadness,2,2,1.0,1.0,1.0,200,
370,Negative,Negative,Anger,Sadness,2,1,0.0,0.0,0.0,200,
371,Negative,Negative,Sadness,Sadness,2,1,0.0,0.0,0.0,200,
372,Neutral,Negative,Anger,Anger,2,2,1.0,1.0,1.0,200,
373,Negative,Negative,Anger,Anger,2,2,1.0,1.0,1.0,200,
374,Positive,Positive,Love,Love,2,2,1.0,1.0,1.0,200,
375,Negative,Negative,Anger,Sadness,2,2,1.0,1.0,1.0,200,
376,Negative,Negative,Anger,Sadness,2,1,1.0,0.5,0.6666666666666666,200,
377,Positive,Negative,Happy,Anger,2,2,0.5,0.5,0.5,200,
378,Negative,Negative,Sadness,Anger,2,1,1.0,0.5,0.6666666666666666,200,
379,Neutral,Negative,Anger,Sadness,2,2,0.0,0.0,0.0,200,
380,Neutral,Negative,Sadness,Sadness,2,2,1.0,1.0,1.0,200,
381,Negative,Negative,Sadness,Sadness,2,1,1.0,0.5,0.6666666666666666,200,
382,Negative,Negative,Sadness,Sadness,2,3,1.0,1.0,1.0,200,
383,Positive,Negative,Happy,Sadness,2,3,0.5,0.5,0.5,200,
384,Negative,Negative,Anger,Anger,2,2,0.5,0.5,0.5,200,
385,Negative,Negative,Fear,Anger,2,2,0.5,0.5,0.5,200,
386,Positive,Positive,Happy,Happy,2,2,0.5,0.5,0.5,200,
387,Negative,Negative,Sadness,Sadness,2,3,0.6666666666666666,1.0,0.8,200,
388,Neutral,Positive,Happy,Happy,3,3,1.0,1.0,1.0,200,
389,Neutral,Negative,Sadness,Sadness,2,3,0.0,0.0,0.0,200,
390,Positive,Positive,Happy,Happy,2,2,1.0,1.0,1.0,200,
391,Positive,Positive,Happy,Happy,3,2,0.0,0.0,0.0,200,
392,Negative,Negative,Sadness,Sadness,3,1,0.0,0.0,0.0,200,
393,Negative,Negative,Sadness,Sadness,2,2,0.5,0.5,0.5,200,
394,Negative,Negative,Anger,Sadness,2,2,0.5,0.5,0.5,200,
395,Negative,Negative,Sadness,Sadness,2,2,1.0,1.0,1.0,200,
396,Positive,Positive,Happy,Happy,2,3,0.5,0.5,0.5,200,
397,Negative,Negative,Anger,Anger,3,3,0.3333333333333333,0.3333333333333333,0.3333333333333333,200,
398,Negative,Negative,Anger,Anger,2,2,1.0,1.0,1.0,200,
399,Negative,Negative,Anger,Anger,3,2,1.0,0.6666666666666666,0.8,200,
400,Positive,Negative,Happy,Anger,3,3,0.3333333333333333,0.3333333333333333,0.3333333333333333,200,
401,Positive,Negative,Happy,Sadness,2,2,0.5,0.5,0.5,200,
402,Negative,Negative,Anger,Anger,3,3,1.0,1.0,1.0,200,
403,Neutral,Negative,Happy,Sadness,3,3,0.3333333333333333,0.3333333333333333,0.3333333333333333,200,
404,Negative,Negative,Anger,Sadness,3,2,1.0,0.6666666666666666,0.8,200,
405,Positive,Neutral,Happy,Happy,3,2,1.0,0.6666666666666666,0.8,200,
406,Positive,Positive,Happy,Happy,3,2,0.0,0.0,0.0,200,
407,Negative,Negative,Anger,Anger,3,3,0.6666666666666666,0.6666666666666666,0.6666666666666666,200,
408,Negative,Negative,Anger,Sadness,3,3,1.0,0.6666666666666666,0.8,200,
409,Positive,Positive,Happy,Happy,3,3,1.0,1.0,1.0,200,
410,Negative,Negative,Anger,Sadness,3,2,0.5,0.5,0.5,200,
411,Negative,Negative,Anger,Sadness,3,3,1.0,1.0,1.0,200,
412,Negative,Negative,Sadness,Sadness,3,3,0.3333333333333333,0.3333333333333333,0.3333333333333333,200,
413,Neutral,Positive,Happy,Happy,3,2,0.5,0.5,0.5,200,
414,Negative,Negative,Anger,Sadness,3,3,1.0,0.6666666666666666,0.8,200,
415,Neutral,Negative,Sadness,Sadness,3,3,0.6666666666666666,0.6666666666666666,0.6666666666666666,200,
416,Negative,Negative,Anger,Anger,2,1,1.0,0.5,0.6666666666666666,200,
417,Negative,Negative,Anger,Anger,2,2,1.0,1.0,1.0,200,
418,Neutral,Negative,Happy,Anger,2,2,0.0,0.0,0.0,200,
419,Negative,Negative,Anger,Anger,2,1,1.0,0.5,0.6666666666666666,200,
420,Neutral,Negative,Sadness,Anger,2,2,0.5,0.5,0.5,200,
421,Negative,Negative,Sadness,Anger,2,2,1.0,1.0,1.0,200,
422,Negative,Negative,Anger,Anger,2,2,0.5,0.5,0.5,200,
423,Negative,Negative,Anger,Anger,2,1,1.0,0.5,0.6666666666666666,200,
424,Negative,Negative,Anger,Sadness,2,2,1.0,1.0,1.0,200,
425,Neutral,Negative,Anger,Sadness,2,2,0.5,0.5,0.5,200,
426,Neutral,Positive,Happy,Happy,2,2,0.5,0.5,0.5,200,
427,Positive,Neutral,Happy,Sadness,2,2,1.0,1.0,1.0,200,
428,Neutral,Negative,Happy,Sadness,2,3,0.3333333333333333,0.5,0.4,200,
429,Positive,Neutral,Happy,Happy,3,3,0.6666666666666666,0.6666666666666666,0.6666666666666666,200,
430,Negative,Negative,Sadness,Sadness,3,2,0.5,0.3333333333333333,0.4,200,
431,Positive,Negative,Happy,Sadness,3,3,1.0,0.6666666666666666,0.8,200,
432,Positive,Negative,Happy,Anger,3,3,0.6666666666666666,0.6666666666666666,0.6666666666666666,200,
433,Negative,Negative,Anger,Anger,3,2,0.0,0.0,0.0,200,
434,Negative,Negative,Anger,Sadness,3,3,0.3333333333333333,0.3333333333333333,0.3333333333333333,200,
435,Positive,Negative,Happy,Anger,3,4,0.3333333333333333,0.3333333333333333,0.3333333333333333,200,
436,Neutral,Negative,Anger,Anger,3,2,1.0,0.6666666666666666,0.8,200,
437,Positive,Positive,Happy,Happy,3,3,0.6666666666666666,0.6666666666666666,0.6666666666666666,200,
438,Negative,Negative,Anger,Anger,3,3,1.0,1.0,1.0,200,
439,Negative,Negative,Sadness,Sadness,3,3,1.0,1.0,1.0,200,
440,Neutral,Negative,Happy,Anger,2,2,0.5,0.5,0.5,200,
441,Negative,Negative,Anger,Anger,2,2,1.0,1.0,1.0,200,
442,Positive,Positive,Happy,Happy,2,2,1.0,1.0,1.0,200,
443,Positive,Neutral,Happy,Happy,2,3,0.5,0.5,0.5,200,
444,Negative,Negative,Anger,Anger,2,2,0.5,0.5,0.5,200,
445,Negative,Negative,Sadness,Sadness,2,2,0.5,0.5,0.5,200,
446,Positive,Negative,Happy,Anger,2,3,0.5,0.5,0.5,200,
447,Negative,Negative,Anger,Anger,2,3,0.0,0.0,0.0,200,
448,Negative,Negative,Anger,Anger,2,1,1.0,0.5,0.6666666666666666,200,
449,Negative,Negative,Anger,Anger,2,3,1.0,1.0,1.0,200,
450,Negative,Neutral,Sadness,Sadness,2,2,0.5,0.5,0.5,200,
451,Positive,Negative,Happy,Sadness,2,2,1.0,1.0,1.0,200,
452,Positive,Positive,Happy,Happy,2,2,1.0,1.0,1.0,200,
453,Positive,Neutral,Happy,Happy,2,2,1.0,1.0,1.0,200,
454,Negative,Positive,Sadness,Happy,2,3,1.0,1.0,1.0,200,
455,Negative,Negative,Anger,Anger,2,2,0.0,0.0,0.0,200,
456,Neutral,Negative,Anger,Sadness,2,3,0.3333333333333333,0.5,0.4,200,
457,Negative,Negative,Sadness,Anger,2,2,0.5,0.5,0.5,200,
458,Negative,Negative,Sadness,Anger,2,2,1.0,1.0,1.0,200,
459,Positive,Negative,Happy,Anger,3,2,1.0,1.0,1.0,200,
460,Positive,Negative,Happy,Sadness,3,3,0.6666666666666666,0.6666666666666666,0.6666666666666666,200,
461,Negative,Negative,Anger,Anger,3,4,0.25,0.3333333333333333,0.28571428571428575,200,
462,Negative,Negative,Anger,Anger,3,2,1.0,0.3333333333333333,0.5,200,
463,Neutral,Negative,Happy,Anger,3,2,0.5,0.3333333333333333,0.4,200,
464,Positive,Positive,Happy,Happy,3,3,0.6666666666666666,0.6666666666666666,0.6666666666666666,200,
465,Negative,Negative,Sadness,Sadness,3,2,1.0,0.6666666666666666,0.8,200,
466,Neutral,Positive,Happy,Happy,3,3,1.0,1.0,1.0,200,
467,Positive,Negative,Happy,Anger,3,2,0.5,0.3333333333333333,0.4,200,
468,Negative,Positive,Anger,Happy,3,3,1.0,1.0,1.0,200,
469,Negative,Negative,Anger,Anger,3,2,1.0,0.5,0.6666666666666666,200,
470,Positive,Positive,Happy,Happy,3,4,0.6666666666666666,0.6666666666666666,0.6666666666666666,200,
471,Positive,Neutral,Happy,Happy,3,4,0.75,1.0,0.8571428571428571,200,
472,Negative,Negative,Anger,Anger,3,2,1.0,0.6666666666666666,0.8,200,
473,Positive,Negative,Happy,Anger,3,3,0.3333333333333333,0.3333333333333333,0.3333333333333333,200,
474,Positive,Positive,Happy,Happy,3,3,1.0,1.0,1.0,200,
475,Positive,Positive,Love,Love,3,2,1.0,1.0,1.0,200,
476,Neutral,Neutral,Fear,Sadness,3,3,0.6666666666666666,0.6666666666666666,0.6666666666666666,200,
477,Neutral,Negative,Anger,Anger,3,2,1.0,1.0,1.0,200,
478,Positive,Negative,Happy,Sadness,3,3,0.6666666666666666,0.6666666666666666,0.6666666666666666,200,
479,Positive,Positive,Happy,Happy,3,3,1.0,1.0,1.0,200,
480,Neutral,Positive,Happy,Happy,3,3,0.0,0.0,0.0,200,
481,Neutral,Negative,Happy,Sadness,2,2,1.0,1.0,1.0,200,
482,Negative,Negative,Anger,Anger,2,2,1.0,0.5,0.6666666666666666,200,
483,Neutral,Negative,Sadness,Sadness,2,2,0.0,0.0,0.0,200,
484,Positive,Positive,Happy,Happy,2,2,0.0,0.0,0.0,200,
485,Negative,Negative,Anger,Sadness,2,3,0.0,0.0,0.0,200,
486,Negative,Negative,Fear,Sadness,2,2,0.0,0.0,0.0,200,
487,Positive,Negative,Happy,Sadness,2,2,1.0,1.0,1.0,200,
488,Neutral,Neutral,Happy,Happy,2,3,0.6666666666666666,1.0,0.8,200,
489,Neutral,Negative,Happy,Sadness,2,2,1.0,1.0,1.0,200,
490,Neutral,Negative,Fear,Fear,2,3,0.5,0.5,0.5,200,
491,Neutral,Negative,Sadness,Anger,2,3,0.0,0.0,0.0,200,
492,Positive,Positive,Happy,Happy,2,2,0.5,0.5,0.5,200,
493,Positive,Negative,Happy,Anger,2,2,0.5,0.5,0.5,200,
494,Negative,Negative,Anger,Anger,2,2,1.0,0.5,0.6666666666666666,200,
495,Positive,Positive,Happy,Happy,2,3,0.0,0.0,0.0,200,
496,Positive,Neutral,Happy,Happy,3,3,0.5,0.3333333333333333,0.4,200,
497,Positive,Positive,Happy,Happy,3,4,0.3333333333333333,0.3333333333333333,0.3333333333333333,200,
498,Neutral,Negative,Anger,Anger,3,2,0.5,0.3333333333333333,0.4,200,
499,Negative,Negative,Anger,Sadness,3,2,0.5,0.3333333333333333,0.4,200,
500,Positive,Positive,Happy,Happy,3,3,1.0,1.0,1.0,200,
501,Negative,Negative,Sadness,Sadness,3,4,0.5,0.6666666666666666,0.5714285714285715,200,
502,Negative,Negative,Anger,Sadness,3,2,1.0,0.6666666666666666,0.8,200,
503,Negative,Negative,Anger,Anger,3,3,1.0,1.0,1.0,200,
504,Negative,Negative,Anger,Anger,3,2,0.0,0.0,0.0,200,
505,Neutral,Negative,Sadness,Sadness,3,3,1.0,1.0,1.0,200,
506,Neutral,Negative,Sadness,Anger,2,2,0.5,0.5,0.5,200,
507,Neutral,Negative,Sadness,Sadness,3,3,1.0,1.0,1.0,200,
508,Neutral,Negative,Happy,Anger,2,2,0.0,0.0,0.0,200,
509,Neutral,Negative,Happy,Sadness,2,2,0.0,0.0,0.0,200,
510,Neutral,Negative,Anger,Anger,2,2,0.0,0.0,0.0,200,
511,Negative,Negative,Anger,Anger,3,3,0.0,0.0,0.0,200,
512,Negative,Negative,Anger,Sadness,2,2,0.0,0.0,0.0,200,
513,Neutral,Negative,Happy,Sadness,2,2,1.0,1.0,1.0,200,
514,Positive,Negative,Happy,Anger,3,3,0.0,0.0,0.0,200,
515,Positive,Negative,Happy,Anger,2,1,0.0,0.0,0.0,200,
516,Positive,Positive,Happy,Happy,3,3,0.6666666666666666,0.6666666666666666,0.6666666666666666,200,
517,Positive,Positive,Happy,Happy,2,2,0.0,0.0,0.0,200,
518,Negative,Neutral,Anger,Anger,2,2,0.0,0.0,0.0,200,
519,Negative,Negative,Anger,Anger,2,2,0.0,0.0,0.0,200,
520,Positive,Negative,Happy,Anger,2,2,1.0,1.0,1.0,200,
521,Positive,Positive,Happy,Happy,2,2,0.0,0.0,0.0,200,
522,Neutral,Negative,Happy,Anger,3,3,1.0,1.0,1.0,200,
523,Negative,Negative,Anger,Sadness,3,2,0.5,0.3333333333333333,0.4,200,
524,Negative,Negative,Anger,Anger,3,2,0.0,0.0,0.0,200,
525,Neutral,Negative,Happy,Anger,3,2,0.0,0.0,0.0,200,
526,Negative,Negative,Sadness,Sadness,2,3,1.0,0.5,0.6666666666666666,200,
527,Positive,Neutral,Happy,Happy,2,2,0.0,0.0,0.0,200,
528,Positive,Negative,Happy,Anger,2,2,1.0,1.0,1.0,200,
529,Positive,Neutral,Happy,Happy,3,3,0.6666666666666666,0.6666666666666666,0.6666666666666666,200,
530,Neutral,Negative,Anger,Anger,2,2,0.0,0.0,0.0,200,
531,Positive,Negative,Happy,Anger,2,3,0.3333333333333333,0.5,0.4,200,
532,Positive,Positive,Happy,Anger,2,2,0.5,0.5,0.5,200,
533,Positive,Negative,Happy,Sadness,3,3,0.0,0.0,0.0,200,
534,Negative,Negative,Anger,Sadness,2,2,0.5,0.5,0.5,200,
535,Positive,Neutral,Happy,Happy,2,3,0.3333333333333333,0.5,0.4,200,
536,Negative,Negative,Anger,Anger,2,1,1.0,0.5,0.6666666666666666,200,
537,Positive,Negative,Happy,Anger,3,3,1.0,1.0,1.0,200,
538,Positive,,Happy,,2,0,0.0,0.0,0.0,200,
539,Negative,Negative,Sadness,Sadness,2,3,0.5,0.5,0.5,200,
540,Negative,Negative,Anger,Sadness,3,2,0.5,0.3333333333333333,0.4,200,
541,Positive,Negative,Happy,Sadness,2,3,0.6666666666666666,1.0,0.8,200,
542,Positive,Negative,Happy,Anger,3,3,1.0,1.0,1.0,200,
543,Positive,Positive,Happy,Happy,3,2,1.0,0.3333333333333333,0.5,200,
544,Positive,Positive,Happy,Happy,3,4,0.25,0.5,0.3333333333333333,200,
545,Negative,Negative,Sadness,Sadness,3,3,0.5,0.3333333333333333,0.4,200,
546,Negative,Negative,Anger,Anger,3,2,0.5,0.3333333333333333,0.4,200,
547,Neutral,Neutral,Happy,Happy,3,3,1.0,0.6666666666666666,0.8,200,
548,Positive,Negative,Happy,Sadness,3,3,0.6666666666666666,0.6666666666666666,0.6666666666666666,200,
549,Positive,Negative,Happy,Sadness,3,4,0.0,0.0,0.0,200,
550,Positive,Positive,Happy,Happy,3,3,1.0,1.0,1.0,200,
551,Positive,Positive,Happy,Happy,3,3,1.0,1.0,1.0,200,
552,Positive,Positive,Happy,Happy,3,2,0.5,0.3333333333333333,0.4,200,
553,Neutral,Negative,Happy,Anger,3,3,1.0,1.0,1.0,200,
554,Neutral,Negative,Anger,Sadness,2,3,0.3333333333333333,0.5,0.4,200,
555,Negative,Negative,Anger,Anger,2,2,0.0,0.0,0.0,200,
556,Negative,Negative,Anger,Anger,2,3,0.0,0.0,0.0,200,
557,Negative,Negative,Anger,Anger,2,3,0.5,0.5,0.5,200,
558,Neutral,Negative,Happy,Sadness,2,2,0.5,0.5,0.5,200,
559,Positive,Positive,Happy,Happy,2,2,0.5,0.5,0.5,200,
560,Negative,Negative,Sadness,Sadness,2,2,0.5,0.5,0.5,200,
561,Neutral,Negative,Anger,Sadness,2,3,0.5,0.5,0.5,200,
562,Positive,Positive,Happy,Happy,2,3,0.5,0.5,0.5,200,
563,Positive,Negative,Happy,Anger,2,3,0.6666666666666666,1.0,0.8,200,
564,Positive,Positive,Happy,Happy,3,3,1.0,1.0,1.0,200,
565,Positive,Positive,Happy,Happy,3,2,0.5,0.3333333333333333,0.4,200,
566,Positive,Positive,Happy,Love,2,2,0.5,0.5,0.5,200,
567,Negative,Negative,Sadness,Sadness,2,2,1.0,1.0,1.0,200,
568,Negative,Negative,Anger,Anger,2,2,1.0,1.0,1.0,200,
569,Negative,Negative,Anger,Anger,2,2,0.0,0.0,0.0,200,
570,Negative,Negative,Anger,Sadness,3,3,1.0,0.6666666666666666,0.8,200,
571,Positive,Positive,Happy,Happy,3,3,0.3333333333333333,0.3333333333333333,0.3333333333333333,200,
572,Negative,Negative,Anger,Sadness,3,2,0.5,0.3333333333333333,0.4,200,
573,Positive,Negative,Happy,Anger,3,3,1.0,1.0,1.0,200,
574,Positive,Negative,Happy,Anger,3,3,0.6666666666666666,0.6666666666666666,0.6666666666666666,200,
575,Positive,Positive,Happy,Happy,3,3,0.5,0.3333333333333333,0.4,200,
576,Positive,Positive,Happy,Anger,3,3,1.0,1.0,1.0,200,
577,Neutral,Neutral,Anger,Sadness,3,2,1.0,0.6666666666666666,0.8,200,
578,Positive,Positive,Happy,Happy,3,2,0.0,0.0,0.0,200,
579,Neutral,Negative,Happy,Anger,3,2,0.0,0.0,0.0,200,
580,Negative,Negative,Sadness,Sadness,3,2,1.0,0.6666666666666666,0.8,200,
581,Positive,Negative,Happy,Anger,3,2,1.0,0.6666666666666666,0.8,200,
582,Neutral,Neutral,Happy,Happy,3,3,0.3333333333333333,0.3333333333333333,0.3333333333333333,200,
583,Negative,Positive,Anger,Happy,3,4,0.5,0.6666666666666666,0.5714285714285715,200,
584,Negative,Negative,Anger,Anger,3,3,0.0,0.0,0.0,200,
585,Negative,Negative,Anger,Sadness,3,3,1.0,1.0,1.0,200,
586,Positive,Negative,Happy,Sadness,3,3,1.0,1.0,1.0,200,
587,Neutral,Negative,Sadness,Sadness,3,2,1.0,0.6666666666666666,0.8,200,
588,Positive,Neutral,Happy,Sadness,3,2,0.5,0.3333333333333333,0.4,200,
589,Negative,Negative,Fear,Sadness,3,3,0.3333333333333333,0.3333333333333333,0.3333333333333333,200,
590,Positive,Positive,Love,Happy,3,4,0.5,0.6666666666666666,0.5714285714285715,200,
591,Positive,Positive,Happy,Happy,3,4,0.75,1.0,0.8571428571428571,200,
592,Neutral,Negative,Sadness,Sadness,3,3,0.6666666666666666,0.6666666666666666,0.6666666666666666,200,
593,Negative,Negative,Anger,Anger,3,3,0.3333333333333333,0.3333333333333333,0.3333333333333333,200,
594,Positive,Positive,Happy,Happy,3,3,1.0,1.0,1.0,200,
595,Positive,Positive,Happy,Happy,3,2,0.5,0.3333333333333333,0.4,200,
596,Positive,Positive,Happy,Happy,3,3,1.0,1.0,1.0,200,
597,Negative,Negative,Anger,Anger,3,2,1.0,0.6666666666666666,0.8,200,
598,Negative,Negative,Anger,Anger,3,3,0.5,0.3333333333333333,0.4,200,
599,Positive,Positive,Happy,Happy,3,3,0.0,0.0,0.0,200,
600,Positive,Positive,Happy,Happy,2,2,1.0,0.5,0.6666666666666666,200,
601,Neutral,Negative,Happy,Anger,2,2,0.5,0.5,0.5,200,
602,Neutral,Negative,Love,Anger,2,2,0.0,0.0,0.0,200,
603,Positive,Positive,Happy,Love,2,2,0.0,0.0,0.0,200,
604,Negative,Negative,Anger,Sadness,2,2,1.0,1.0,1.0,200,
605,Neutral,Positive,Happy,Happy,2,3,0.6666666666666666,1.0,0.8,200,
606,Neutral,Neutral,Happy,Anger,3,3,0.6666666666666666,0.6666666666666666,0.6666666666666666,200,
607,Negative,Negative,Sadness,Anger,3,2,0.0,0.0,0.0,200,
608,Positive,Positive,Happy,Happy,3,3,0.3333333333333333,0.3333333333333333,0.3333333333333333,200,
609,Negative,Negative,Anger,Sadness,3,3,0.3333333333333333,0.3333333333333333,0.3333333333333333,200,
610,Neutral,Negative,Anger,Anger,3,2,0.5,0.3333333333333333,0.4,200,
611,Positive,Positive,Happy,Happy,3,3,0.0,0.0,0.0,200,
612,Negative,Negative,Sadness,Anger,3,4,0.0,0.0,0.0,200,
613,Positive,Positive,Happy,Happy,3,3,0.3333333333333333,0.3333333333333333,0.3333333333333333,200,
614,Negative,Negative,Anger,Sadness,3,3,0.0,0.0,0.0,200,
615,Neutral,Negative,Anger,Anger,3,2,0.0,0.0,0.0,200,
616,Neutral,Negative,Anger,Anger,3,3,0.6666666666666666,0.6666666666666666,0.6666666666666666,200,
617,Negative,Negative,Sadness,Sadness,3,4,1.0,1.0,1.0,200,
618,Positive,Negative,Happy,Anger,3,3,1.0,1.0,1.0,200,
619,Negative,Negative,Anger,Sadness,2,2,0.0,0.0,0.0,200,
620,Negative,Negative,Anger,Anger,2,3,0.6666666666666666,1.0,0.8,200,
621,Neutral,Negative,Anger,Anger,2,3,1.0,1.0,1.0,200,
622,Neutral,Negative,Sadness,Anger,2,2,1.0,0.5,0.6666666666666666,200,
623,Neutral,Negative,Sadness,Sadness,2,3,0.0,0.0,0.0,200,
624,Negative,Negative,Anger,Anger,2,2,1.0,0.5,0.6666666666666666,200,
625,Negative,Negative,Anger,Anger,2,3,1.0,1.0,1.0,200,
626,Positive,Negative,Happy,Sadness,2,3,0.0,0.0,0.0,200,
627,Negative,Negative,Anger,Sadness,2,3,0.0,0.0,0.0,200,
628,Positive,Positive,Happy,Love,2,2,0.0,0.0,0.0,200,
629,Positive,Positive,Happy,Happy,2,4,0.0,0.0,0.0,200,
630,Positive,Neutral,Happy,Sadness,2,3,0.3333333333333333,0.5,0.4,200,
631,Neutral,Negative,Anger,Anger,2,3,1.0,1.0,1.0,200,
632,Negative,Negative,Anger,Anger,2,2,0.0,0.0,0.0,200,
633,Positive,Positive,Happy,Happy,2,3,0.3333333333333333,0.5,0.4,200,
634,Negative,Negative,Anger,Anger,2,4,0.3333333333333333,0.5,0.4,200,
635,Positive,Positive,Happy,Happy,2,2,0.0,0.0,0.0,200,
636,Neutral,Negative,Happy,Anger,3,3,1.0,0.5,0.6666666666666666,200,
637,Neutral,Negative,Happy,Sadness,3,3,1.0,0.5,0.6666666666666666,200,
638,Positive,Positive,Happy,Happy,3,2,0.5,0.3333333333333333,0.4,200,
639,Positive,Positive,Happy,Happy,3,3,0.6666666666666666,0.6666666666666666,0.6666666666666666,200,
640,Negative,Negative,Sadness,Sadness,3,4,0.0,0.0,0.0,200,
641,Positive,Positive,Happy,Happy,3,3,0.6666666666666666,0.6666666666666666,0.6666666666666666,200,
642,Positive,Positive,Happy,Happy,3,3,0.6666666666666666,0.6666666666666666,0.6666666666666666,200,
643,Negative,Negative,Anger,Anger,3,3,0.5,0.3333333333333333,0.4,200,
644,Neutral,Positive,Anger,Happy,3,2,1.0,1.0,1.0,200,
645,Positive,Neutral,Happy,Anger,3,3,0.3333333333333333,0.3333333333333333,0.3333333333333333,200,
646,Neutral,Neutral,Happy,Love,3,3,1.0,1.0,1.0,200,
647,Positive,Positive,Happy,Happy,3,3,1.0,0.6666666666666666,0.8,200,
648,Negative,Negative,Anger,Sadness,3,3,0.3333333333333333,0.3333333333333333,0.3333333333333333,200,
649,Negative,Negative,Anger,Anger,3,2,0.0,0.0,0.0,200,
650,Positive,Positive,Happy,Happy,3,3,1.0,1.0,1.0,200,
651,Positive,Positive,Happy,Happy,3,3,1.0,1.0,1.0,200,
652,Negative,Negative,Sadness,Sadness,3,3,0.6666666666666666,0.6666666666666666,0.6666666666666666,200,
653,Negative,Negative,Anger,Anger,3,3,1.0,1.0,1.0,200,
654,Negative,Negative,Sadness,Anger,2,3,0.3333333333333333,0.5,0.4,200,
655,Positive,Positive,Happy,Happy,2,1,1.0,0.5,0.6666666666666666,200,
656,Positive,Positive,Happy,Happy,2,4,0.0,0.0,0.0,200,
657,Neutral,Neutral,Sadness,Happy,2,3,0.0,0.0,0.0,200,
658,Positive,Negative,Happy,Sadness,3,2,1.0,1.0,1.0,200,
659,Neutral,Negative,Happy,Anger,3,4,1.0,1.0,1.0,200,
660,Negative,Negative,Anger,Anger,3,3,0.3333333333333333,0.5,0.4,200,
661,Positive,Negative,Happy,Sadness,3,3,0.6666666666666666,0.6666666666666666,0.6666666666666666,200,
662,Neutral,Negative,Sadness,Sadness,3,3,0.6666666666666666,0.6666666666666666,0.6666666666666666,200,
663,Positive,Neutral,Happy,Sadness,3,3,1.0,1.0,1.0,200,
664,Negative,Negative,Anger,Anger,2,2,0.5,0.5,0.5,200,
665,Negative,Neutral,Sadness,Happy,2,2,0.0,0.0,0.0,200,
666,Positive,Negative,Happy,Sadness,3,3,0.6666666666666666,0.6666666666666666,0.6666666666666666,200,
667,Neutral,Negative,Anger,Sadness,3,3,0.3333333333333333,0.3333333333333333,0.3333333333333333,200,
668,Negative,Negative,Anger,Sadness,3,3,0.0,0.0,0.0,200,
669,Neutral,Negative,Sadness,Sadness,2,2,0.5,0.5,0.5,200,
670,Positive,Negative,Happy,Anger,2,2,1.0,1.0,1.0,200,
671,Negative,Negative,Anger,Sadness,2,2,0.5,0.5,0.5,200,
672,Neutral,Negative,Anger,Anger,3,3,1.0,0.6666666666666666,0.8,200,
673,Positive,Negative,Happy,Anger,3,3,0.6666666666666666,0.6666666666666666,0.6666666666666666,200,
674,Negative,Negative,Anger,Anger,3,2,0.0,0.0,0.0,200,
675,Positive,Positive,Happy,Happy,3,3,0.3333333333333333,0.3333333333333333,0.3333333333333333,200,
676,Negative,Negative,Anger,Anger,3,4,0.3333333333333333,0.5,0.4,200,
677,Positive,Positive,Happy,Happy,3,2,0.0,0.0,0.0,200,
678,Positive,Negative,Happy,Anger,3,2,0.0,0.0,0.0,200,
679,Negative,Negative,Anger,Anger,3,2,1.0,0.6666666666666666,0.8,200,
680,Negative,Negative,Sadness,Sadness,3,2,1.0,0.5,0.6666666666666666,200,
681,Positive,Positive,Happy,Happy,3,3,0.0,0.0,0.0,200,
682,Positive,Positive,Love,Love,3,3,1.0,1.0,1.0,200,
683,Negative,Negative,Anger,Sadness,3,2,0.5,0.3333333333333333,0.4,200,
684,Negative,Negative,Anger,Anger,3,3,0.5,0.3333333333333333,0.4,200,
685,Negative,Negative,Sadness,Anger,3,3,0.6666666666666666,0.6666666666666666,0.6666666666666666,200,
686,Positive,Positive,Happy,Happy,3,3,1.0,1.0,1.0,200,
687,Negative,Negative,Love,Sadness,3,3,0.5,0.3333333333333333,0.4,200,
688,Negative,Negative,Sadness,Sadness,2,2,0.5,0.5,0.5,200,
689,Positive,Neutral,Happy,Anger,3,3,0.6666666666666666,0.6666666666666666,0.6666666666666666,200,
690,Positive,Positive,Happy,Love,3,2,0.5,0.3333333333333333,0.4,200,
691,Positive,Negative,Happy,Anger,2,2,0.0,0.0,0.0,200,
692,Negative,Negative,Anger,Sadness,2,3,0.0,0.0,0.0,200,
693,Negative,Negative,Anger,Anger,3,2,0.0,0.0,0.0,200,
694,Neutral,Neutral,Sadness,Happy,3,2,0.0,0.0,0.0,200,
695,Negative,Negative,Anger,Anger,3,2,0.0,0.0,0.0,200,
696,Negative,Negative,Anger,Anger,3,3,0.6666666666666666,0.6666666666666666,0.6666666666666666,200,
697,Negative,Negative,Anger,Anger,3,2,1.0,0.6666666666666666,0.8,200,
698,Positive,Positive,Happy,Happy,3,2,0.5,0.3333333333333333,0.4,200,
699,Negative,Negative,Anger,Sadness,3,3,1.0,1.0,1.0,200,
700,Positive,Negative,Sadness,Sadness,3,4,0.5,0.6666666666666666,0.5714285714285715,200,
701,Positive,Neutral,Happy,Anger,3,2,1.0,0.6666666666666666,0.8,200,
702,Positive,Positive,Happy,Happy,3,4,0.3333333333333333,0.3333333333333333,0.3333333333333333,200,
703,Positive,Positive,Happy,Happy,3,5,0.3333333333333333,0.5,0.4,200,
704,Positive,Negative,Happy,Anger,3,5,0.0,0.0,0.0,200,
705,Negative,Negative,Anger,Anger,3,2,1.0,0.6666666666666666,0.8,200,
706,Positive,Negative,Happy,Anger,3,2,1.0,0.6666666666666666,0.8,200,
707,Negative,Negative,Anger,Sadness,3,4,0.75,1.0,0.8571428571428571,200,
708,Neutral,Negative,Anger,Sadness,3,4,0.5,0.6666666666666666,0.5714285714285715,200,
709,Positive,Positive,Happy,Happy,3,3,0.6666666666666666,0.6666666666666666,0.6666666666666666,200,
710,Negative,Negative,Anger,Anger,3,3,1.0,1.0,1.0,200,
711,Negative,Negative,Anger,Anger,3,2,0.0,0.0,0.0,200,
712,Negative,Negative,Sadness,Sadness,3,3,0.0,0.0,0.0,200,
713,Negative,Negative,Anger,Anger,3,3,1.0,1.0,1.0,200,
714,Neutral,Negative,Anger,Anger,3,2,0.0,0.0,0.0,200,
715,Positive,Positive,Happy,Happy,3,4,0.6666666666666666,0.6666666666666666,0.6666666666666666,200,
716,Negative,Negative,Anger,Anger,3,3,1.0,1.0,1.0,200,
717,Positive,Positive,Happy,Love,3,3,0.3333333333333333,0.3333333333333333,0.3333333333333333,200,
718,Negative,Negative,Sadness,Sadness,3,3,0.0,0.0,0.0,200,
719,Positive,Negative,Happy,Sadness,3,3,1.0,0.6666666666666666,0.8,200,
720,Positive,Neutral,Happy,Sadness,3,3,0.0,0.0,0.0,200,
721,Positive,Positive,Happy,Happy,3,3,0.3333333333333333,0.3333333333333333,0.3333333333333333,200,
722,Positive,Positive,Happy,Happy,3,3,0.6666666666666666,0.6666666666666666,0.6666666666666666,200,
723,Negative,Positive,Anger,Happy,3,3,0.0,0.0,0.0,200,
724,Negative,Negative,Anger,Sadness,3,3,1.0,0.6666666666666666,0.8,200,
725,Negative,Negative,Anger,Anger,3,3,0.3333333333333333,0.3333333333333333,0.3333333333333333,200,
726,Neutral,Positive,Happy,Happy,3,4,0.6666666666666666,0.6666666666666666,0.6666666666666666,200,
727,Positive,Positive,Happy,Love,3,2,0.5,0.3333333333333333,0.4,200,
728,Negative,Neutral,Sadness,Anger,1,2,0.5,1.0,0.6666666666666666,200,
729,Positive,Positive,Happy,Happy,1,2,0.5,1.0,0.6666666666666666,200,
730,Negative,Negative,Sadness,Sadness,2,1,0.0,0.0,0.0,200,
731,Neutral,Negative,Happy,Anger,2,1,1.0,0.5,0.6666666666666666,200,
732,Positive,Positive,Happy,Happy,2,2,1.0,1.0,1.0,200,
733,Negative,Negative,Anger,Anger,1,1,0.0,0.0,0.0,200,
734,Neutral,Negative,Sadness,Anger,1,1,0.0,0.0,0.0,200,
735,Negative,Negative,Anger,Sadness,1,1,1.0,1.0,1.0,200,
736,Negative,Negative,Sadness,Anger,1,1,0.0,0.0,0.0,200,
737,Neutral,Negative,Happy,Sadness,2,2,1.0,1.0,1.0,200,
738,Negative,Negative,Sadness,Sadness,2,1,0.0,0.0,0.0,200,
739,Neutral,Negative,Sadness,Anger,2,2,0.0,0.0,0.0,200,
740,Negative,Negative,Anger,Anger,1,1,1.0,1.0,1.0,200,
741,Negative,Negative,Sadness,Sadness,1,1,1.0,1.0,1.0,200,
742,Negative,Negative,Sadness,Anger,1,3,0.0,0.0,0.0,200,
743,Negative,Negative,Anger,Sadness,1,2,0.0,0.0,0.0,200,
744,Negative,Negative,Sadness,Sadness,1,1,0.0,0.0,0.0,200,
745,Negative,Negative,Anger,Anger,1,1,1.0,1.0,1.0,200,
746,Negative,Negative,Anger,Anger,1,1,1.0,1.0,1.0,200,
747,Neutral,Positive,Happy,Happy,1,2,0.0,0.0,0.0,200,
748,Positive,Positive,Happy,Happy,2,2,0.5,0.5,0.5,200,
749,Neutral,Negative,Love,Sadness,2,2,0.0,0.0,0.0,200,
750,Neutral,Negative,Sadness,Anger,2,2,0.0,0.0,0.0,200,
751,Positive,Neutral,Happy,Sadness,2,2,0.5,0.5,0.5,200,
752,Positive,Positive,Happy,Happy,2,1,0.0,0.0,0.0,200,
753,Positive,Positive,Happy,Happy,2,1,0.0,0.0,0.0,200,
754,Neutral,Positive,Sadness,Happy,2,2,0.0,0.0,0.0,200,
755,Negative,Negative,Anger,Anger,2,1,1.0,0.5,0.6666666666666666,200,
756,Positive,Positive,Happy,Happy,2,2,1.0,1.0,1.0,200,
757,Positive,Positive,Happy,Happy,2,1,0.0,0.0,0.0,200,
758,Negative,Negative,Anger,Anger,1,1,1.0,1.0,1.0,200,
759,Negative,Negative,Anger,Anger,1,2,0.0,0.0,0.0,200,
760,Negative,Negative,Sadness,Sadness,1,1,1.0,1.0,1.0,200,
761,Negative,Negative,Anger,Anger,1,2,0.0,0.0,0.0,200,
762,Negative,Negative,Anger,Anger,1,2,1.0,1.0,1.0,200,
763,Negative,Negative,Sadness,Anger,1,2,0.0,0.0,0.0,200,
764,Positive,Positive,Happy,Happy,1,1,1.0,1.0,1.0,200,
765,Negative,Negative,Anger,Sadness,1,2,0.0,0.0,0.0,200,
766,Negative,Positive,Anger,Happy,1,2,0.5,1.0,0.6666666666666666,200,
767,Positive,Positive,Happy,Happy,2,1,0.0,0.0,0.0,200,
768,Neutral,Negative,Happy,Anger,2,1,0.0,0.0,0.0,200,
769,Neutral,Neutral,Happy,Happy,2,2,1.0,1.0,1.0,200,
770,Negative,Negative,Anger,Sadness,2,2,0.0,0.0,0.0,200,
771,Positive,Negative,Happy,Sadness,2,2,1.0,1.0,1.0,200,
772,Negative,Negative,Anger,Sadness,2,2,1.0,1.0,1.0,200,
773,Negative,Negative,Anger,Sadness,1,1,1.0,1.0,1.0,200,
774,Positive,Neutral,Happy,Happy,1,2,0.5,1.0,0.6666666666666666,200,
775,Negative,Negative,Sadness,Sadness,1,1,1.0,1.0,1.0,200,
776,Negative,Negative,Anger,Anger,1,2,0.5,1.0,0.6666666666666666,200,
777,Negative,Negative,Anger,Anger,1,1,0.0,0.0,0.0,200,
778,Positive,Positive,Happy,Happy,1,1,0.0,0.0,0.0,200,
779,Negative,Negative,Anger,Anger,1,1,1.0,1.0,1.0,200,
780,Negative,Negative,Anger,Anger,1,2,0.0,0.0,0.0,200,
781,Negative,Negative,Anger,Anger,1,2,1.0,1.0,1.0,200,
782,Positive,Negative,Happy,Anger,2,2,0.0,0.0,0.0,200,
783,Negative,Positive,Anger,Happy,2,2,1.0,1.0,1.0,200,
784,Positive,Positive,Happy,Happy,2,1,1.0,0.5,0.6666666666666666,200,
785,Negative,Negative,Anger,Anger,2,2,1.0,1.0,1.0,200,
786,Neutral,Negative,Sadness,Anger,2,2,1.0,1.0,1.0,200,
787,Neutral,Neutral,Happy,Happy,2,3,0.3333333333333333,0.5,0.4,200,
788,Positive,Positive,Happy,Happy,2,2,0.0,0.0,0.0,200,
789,Neutral,Neutral,Happy,Sadness,2,2,1.0,1.0,1.0,200,
790,Neutral,Negative,Anger,Sadness,2,1,0.0,0.0,0.0,200,
791,Neutral,Positive,Happy,Anger,2,2,1.0,1.0,1.0,200,
792,Negative,Negative,Anger,Anger,2,2,1.0,1.0,1.0,200,
793,Neutral,Negative,Happy,Sadness,2,2,0.5,0.5,0.5,200,
794,Positive,Negative,Happy,Sadness,2,2,0.5,0.5,0.5,200,
795,Positive,Negative,Happy,Sadness,2,2,0.5,0.5,0.5,200,
796,Neutral,Neutral,Happy,Anger,2,2,0.5,0.5,0.5,200,
797,Negative,Negative,Anger,Sadness,2,2,0.5,0.5,0.5,200,
798,Positive,Positive,Happy,Happy,2,2,0.5,0.5,0.5,200,
799,Neutral,Negative,Sadness,Sadness,2,2,1.0,1.0,1.0,200,
800,Negative,Negative,Anger,Anger,2,3,0.6666666666666666,1.0,0.8,200,
801,Positive,Neutral,Happy,Happy,2,2,0.5,0.5,0.5,200,
802,Positive,Negative,Happy,Anger,2,4,0.0,0.0,0.0,200,
803,Negative,Negative,Anger,Anger,1,1,0.0,0.0,0.0,200,
804,Negative,Negative,Anger,Anger,1,1,0.0,0.0,0.0,200,
805,Negative,Negative,Anger,Anger,1,2,0.0,0.0,0.0,200,
806,Negative,Negative,Anger,Anger,1,1,1.0,1.0,1.0,200,
807,Negative,Negative,Anger,Anger,1,2,0.0,0.0,0.0,200,
808,Negative,Negative,Sadness,Sadness,2,1,0.0,0.0,0.0,200,
809,Negative,Negative,Anger,Anger,2,1,1.0,0.5,0.6666666666666666,200,
810,Negative,Negative,Anger,Sadness,2,2,0.5,0.5,0.5,200,
811,Negative,Negative,Anger,Anger,1,2,1.0,1.0,1.0,200,
812,Negative,Negative,Sadness,Sadness,1,1,0.0,0.0,0.0,200,
813,Positive,Positive,Happy,Happy,2,3,0.3333333333333333,0.5,0.4,200,
814,Negative,Negative,Anger,Anger,1,2,1.0,1.0,1.0,200,
815,Negative,Negative,Anger,Sadness,2,2,1.0,1.0,1.0,200,
816,Neutral,Negative,Anger,Anger,2,2,1.0,1.0,1.0,200,
817,Negative,Negative,Anger,Anger,2,2,1.0,1.0,1.0,200,
818,Neutral,Negative,Sadness,Anger,2,2,1.0,1.0,1.0,200,
819,Positive,Positive,Happy,Happy,2,1,1.0,0.5,0.6666666666666666,200,
820,Negative,Negative,Anger,Anger,1,1,0.0,0.0,0.0,200,
821,Neutral,Negative,Happy,Anger,2,2,0.5,0.5,0.5,200,
822,Neutral,Negative,Sadness,Sadness,2,2,1.0,1.0,1.0,200,
823,Negative,Negative,Anger,Anger,2,2,0.0,0.0,0.0,200,
824,Positive,Negative,Happy,Anger,2,3,0.0,0.0,0.0,200,
825,Positive,Positive,Happy,Happy,2,2,0.5,0.5,0.5,200,
826,Neutral,Negative,Happy,Anger,2,2,1.0,1.0,1.0,200,
827,Neutral,Negative,Happy,Sadness,2,2,0.0,0.0,0.0,200,
828,Positive,Negative,Happy,Sadness,2,1,0.0,0.0,0.0,200,
829,Negative,Negative,Anger,Anger,2,3,0.5,0.5,0.5,200,
830,Neutral,Neutral,Fear,Sadness,2,2,0.0,0.0,0.0,200,
831,Negative,Negative,Sadness,Sadness,2,2,0.0,0.0,0.0,200,
832,Positive,Positive,Happy,Happy,2,2,0.5,0.5,0.5,200,
833,Positive,Positive,Happy,Happy,2,2,0.5,0.5,0.5,200,
834,Negative,Negative,Anger,Anger,2,2,0.0,0.0,0.0,200,
835,Positive,Neutral,Happy,Happy,2,2,1.0,1.0,1.0,200,
836,Neutral,Negative,Happy,Sadness,2,2,1.0,1.0,1.0,200,
837,Neutral,Negative,Anger,Sadness,2,2,0.5,0.5,0.5,200,
838,Positive,Positive,Happy,Happy,2,3,0.0,0.0,0.0,200,
839,Neutral,Neutral,Sadness,Sadness,2,2,0.0,0.0,0.0,200,
840,Negative,Negative,Sadness,Sadness,2,3,0.6666666666666666,1.0,0.8,200,
841,Positive,Negative,Happy,Sadness,2,2,1.0,1.0,1.0,200,
842,Positive,Negative,Happy,Anger,2,2,0.0,0.0,0.0,200,
843,Neutral,Negative,Happy,Sadness,2,1,1.0,0.5,0.6666666666666666,200,
844,Negative,Negative,Anger,Anger,1,1,0.0,0.0,0.0,200,
845,Positive,Positive,Happy,Love,1,1,1.0,1.0,1.0,200,
846,Neutral,Negative,Sadness,Anger,2,3,0.0,0.0,0.0,200,
847,Neutral,Negative,Anger,Sadness,2,2,0.0,0.0,0.0,200,
848,Positive,Positive,Happy,Happy,1,1,1.0,1.0,1.0,200,
849,Negative,Negative,Anger,Anger,1,1,0.0,0.0,0.0,200,
850,Negative,Negative,Sadness,Anger,2,1,1.0,0.5,0.6666666666666666,200,
851,Positive,Positive,Love,Love,2,1,0.0,0.0,0.0,200,
852,Negative,Negative,Anger,Anger,1,2,0.5,1.0,0.6666666666666666,200,
853,Positive,Positive,Happy,Happy,2,2,0.5,0.5,0.5,200,
854,Positive,Negative,Happy,Anger,2,2,1.0,1.0,1.0,200,
855,Neutral,Negative,Anger,Anger,2,2,1.0,1.0,1.0,200,
856,Neutral,Negative,Sadness,Sadness,2,2,1.0,1.0,1.0,200,
857,Positive,Positive,Happy,Happy,2,2,0.0,0.0,0.0,200,
858,Positive,Positive,Happy,Happy,2,2,0.0,0.0,0.0,200,
859,Neutral,Negative,Anger,Anger,2,2,1.0,1.0,1.0,200,
860,Negative,Negative,Sadness,Anger,1,3,0.3333333333333333,1.0,0.5,200,
861,Positive,Neutral,Happy,Happy,2,2,0.0,0.0,0.0,200,
862,Positive,Neutral,Happy,Happy,2,2,0.0,0.0,0.0,200,
863,Positive,Positive,Happy,Happy,3,2,0.5,0.5,0.5,200,
864,Neutral,Positive,Sadness,Happy,2,2,0.5,0.5,0.5,200,
865,Positive,Negative,Sadness,Anger,2,2,0.0,0.0,0.0,200,
866,Positive,Positive,Happy,Happy,2,2,1.0,1.0,1.0,200,
867,Negative,Negative,Anger,Anger,2,2,0.0,0.0,0.0,200,
868,Neutral,Neutral,Happy,Sadness,2,2,1.0,1.0,1.0,200,
869,Negative,Negative,Sadness,Sadness,2,2,0.5,0.5,0.5,200,
870,Negative,Negative,Sadness,Sadness,2,3,0.5,0.5,0.5,200,
871,Positive,Positive,Happy,Happy,2,3,0.0,0.0,0.0,200,
872,Neutral,Negative,Anger,Anger,2,2,0.0,0.0,0.0,200,
873,Negative,Negative,Anger,Anger,2,3,0.3333333333333333,0.5,0.4,200,
874,Negative,Negative,Sadness,Sadness,2,2,1.0,1.0,1.0,200,
875,Neutral,Negative,Sadness,Anger,2,2,1.0,1.0,1.0,200,
876,Negative,Neutral,Sadness,Sadness,2,2,0.5,0.5,0.5,200,
877,Negative,Negative,Anger,Anger,2,1,1.0,0.5,0.6666666666666666,200,
878,Negative,Negative,Anger,Anger,2,1,1.0,0.5,0.6666666666666666,200,
879,Negative,Negative,Anger,Sadness,2,2,1.0,1.0,1.0,200,
880,Negative,Negative,Anger,Anger,2,3,0.0,0.0,0.0,200,
881,Neutral,Negative,Sadness,Sadness,2,1,0.0,0.0,0.0,200,
882,Negative,Negative,Anger,Sadness,2,2,0.0,0.0,0.0,200,
883,Positive,Negative,Happy,Anger,2,2,0.0,0.0,0.0,200,
884,Negative,Negative,Anger,Anger,2,2,1.0,1.0,1.0,200,
885,Negative,Negative,Anger,Sadness,3,2,1.0,0.5,0.6666666666666666,200,
886,Negative,Positive,Anger,Happy,2,1,0.0,0.0,0.0,200,
887,Positive,Negative,Happy,Anger,2,2,0.0,0.0,0.0,200,
888,Neutral,Negative,Sadness,Anger,2,2,0.5,0.5,0.5,200,
889,Neutral,Positive,Sadness,Happy,2,1,0.0,0.0,0.0,200,
890,Negative,Negative,Anger,Anger,2,1,0.0,0.0,0.0,200,
891,Neutral,Negative,Happy,Anger,2,2,0.0,0.0,0.0,200,
892,Negative,Negative,Anger,Anger,1,1,1.0,1.0,1.0,200,
893,Negative,Positive,Anger,Happy,2,2,0.0,0.0,0.0,200,
894,Negative,Negative,Anger,Sadness,2,3,0.0,0.0,0.0,200,
895,Positive,Positive,Happy,Happy,2,2,0.5,0.5,0.5,200,
896,Positive,Positive,Happy,Happy,2,2,0.5,0.5,0.5,200,
897,Negative,Negative,Sadness,Sadness,1,1,1.0,1.0,1.0,200,
898,Positive,Positive,Happy,Happy,2,3,0.3333333333333333,0.5,0.4,200,
899,Negative,Negative,Anger,Sadness,2,2,0.0,0.0,0.0,200,
900,Negative,Negative,Anger,Sadness,2,2,0.0,0.0,0.0,200,
901,Neutral,Negative,Anger,Sadness,2,1,0.0,0.0,0.0,200,
902,Positive,Positive,Happy,Happy,2,2,1.0,1.0,1.0,200,
903,Negative,Negative,Anger,Anger,1,5,0.5,1.0,0.6666666666666666,200,
904,Negative,Negative,Anger,Anger,2,3,0.0,0.0,0.0,200,
905,Negative,Negative,Anger,Sadness,3,2,0.0,0.0,0.0,200,
906,Positive,Positive,Happy,Happy,2,2,0.0,0.0,0.0,200,
907,Positive,Positive,Happy,Love,2,2,1.0,1.0,1.0,200,
908,Negative,Negative,Anger,Anger,2,2,0.5,0.5,0.5,200,
909,Negative,Negative,Anger,Anger,2,2,0.5,0.5,0.5,200,
910,Positive,Positive,Happy,Happy,2,3,0.0,0.0,0.0,200,
911,Negative,Negative,Sadness,Sadness,2,2,0.5,1.0,0.6666666666666666,200,
912,Negative,Negative,Anger,Anger,2,2,0.5,0.5,0.5,200,
913,Neutral,Positive,Happy,Happy,2,2,1.0,1.0,1.0,200,
914,Neutral,Negative,Sadness,Sadness,2,1,1.0,0.5,0.6666666666666666,200,
915,Negative,Negative,Anger,Anger,2,2,0.0,0.0,0.0,200,
916,Negative,Negative,Anger,Sadness,3,2,0.5,0.3333333333333333,0.4,200,
917,Negative,Negative,Anger,Anger,3,3,0.6666666666666666,1.0,0.8,200,
918,Positive,Positive,Happy,Happy,3,3,1.0,1.0,1.0,200,
919,Positive,Positive,Happy,Happy,3,2,0.5,0.5,0.5,200,
920,Neutral,Negative,Sadness,Sadness,3,2,0.5,0.5,0.5,200,
921,Positive,Positive,Happy,Happy,3,3,0.6666666666666666,0.6666666666666666,0.6666666666666666,200,
922,Negative,Positive,Sadness,Happy,1,2,0.0,0.0,0.0,200,
923,Negative,Negative,Anger,Anger,1,2,0.0,0.0,0.0,200,
924,Positive,Neutral,Happy,Happy,2,2,1.0,1.0,1.0,200,
925,Negative,Negative,Anger,Anger,2,1,1.0,0.5,0.6666666666666666,200,
926,Neutral,Neutral,Happy,Sadness,2,2,0.5,0.5,0.5,200,
927,Negative,Negative,Sadness,Anger,2,2,0.0,0.0,0.0,200,
928,Negative,Negative,Anger,Sadness,2,2,0.0,0.0,0.0,200,
929,Negative,Negative,Anger,Anger,2,3,0.6666666666666666,1.0,0.8,200,
930,Neutral,Negative,Happy,Anger,2,2,1.0,1.0,1.0,200,
931,Negative,Negative,Anger,Anger,2,2,0.5,0.5,0.5,200,
932,Positive,Positive,Happy,Happy,1,1,1.0,1.0,1.0,200,
933,Negative,Negative,Sadness,Anger,3,3,1.0,1.0,1.0,200,
934,Positive,,Happy,,2,0,0.0,0.0,0.0,200,
935,Negative,Negative,Anger,Anger,2,3,0.0,0.0,0.0,200,
936,Negative,Positive,Fear,Happy,2,2,1.0,1.0,1.0,200,
937,Positive,Negative,Happy,Anger,2,2,0.5,0.5,0.5,200,
938,Negative,Negative,Anger,Anger,2,2,0.5,0.5,0.5,200,
939,Negative,Negative,Anger,Sadness,2,2,0.5,0.5,0.5,200,
940,Neutral,Positive,Happy,Happy,2,2,1.0,1.0,1.0,200,
941,Negative,Negative,Anger,Anger,2,2,0.5,0.5,0.5,200,
942,Positive,Positive,Happy,Happy,1,1,1.0,1.0,1.0,200,
943,Negative,Negative,Anger,Sadness,3,2,1.0,0.5,0.6666666666666666,200,
944,Positive,Negative,Happy,Anger,2,2,0.0,0.0,0.0,200,
945,Negative,Negative,Anger,Anger,3,3,1.0,1.0,1.0,200,
946,Positive,Positive,Happy,Happy,2,1,0.0,0.0,0.0,200,
947,Neutral,Negative,Happy,Sadness,3,1,0.0,0.0,0.0,200,
948,Positive,Negative,Happy,Anger,3,2,1.0,0.3333333333333333,0.5,200,
949,Negative,Negative,Anger,Anger,3,3,0.6666666666666666,0.6666666666666666,0.6666666666666666,200,
950,Negative,Negative,Sadness,Anger,2,2,1.0,1.0,1.0,200,
951,Neutral,Neutral,Happy,Happy,3,2,0.5,0.5,0.5,200,
952,Negative,Negative,Sadness,Anger,3,3,0.6666666666666666,0.6666666666666666,0.6666666666666666,200,
953,Positive,Positive,Happy,Happy,3,3,0.0,0.0,0.0,200,
954,Neutral,Neutral,Happy,Happy,2,2,0.0,0.0,0.0,200,
955,Negative,Negative,Sadness,Sadness,2,3,1.0,0.5,0.6666666666666666,200,
956,Negative,Negative,Anger,Anger,2,1,0.0,0.0,0.0,200,
957,Negative,Negative,Anger,Anger,1,3,1.0,1.0,1.0,200,
958,Neutral,Neutral,Sadness,Happy,1,1,1.0,1.0,1.0,200,
959,Negative,Negative,Anger,Anger,1,1,0.0,0.0,0.0,200,
960,Positive,Positive,Happy,Happy,2,3,0.3333333333333333,0.5,0.4,200,
961,Neutral,Positive,Happy,Happy,2,2,0.5,0.5,0.5,200,
962,Negative,Negative,Anger,Anger,2,1,0.0,0.0,0.0,200,
963,Positive,Negative,Happy,Anger,2,2,0.5,0.5,0.5,200,
964,Negative,Negative,Anger,Anger,2,1,1.0,0.5,0.6666666666666666,200,
965,Neutral,Neutral,Fear,Sadness,2,1,0.0,0.0,0.0,200,
966,Negative,Negative,Anger,Anger,2,3,0.5,0.5,0.5,200,
967,Positive,Negative,Love,Love,2,2,1.0,1.0,1.0,200,
968,Positive,Negative,Happy,Anger,2,2,0.0,0.0,0.0,200,
969,Positive,Positive,Happy,Happy,2,3,0.6666666666666666,1.0,0.8,200,
970,Negative,Negative,Anger,Anger,2,2,0.0,0.0,0.0,200,
971,Negative,Negative,Anger,Anger,1,1,0.0,0.0,0.0,200,
972,Negative,Positive,Anger,Happy,3,3,0.3333333333333333,0.3333333333333333,0.3333333333333333,200,
973,Positive,Neutral,Happy,Sadness,3,3,0.3333333333333333,0.3333333333333333,0.3333333333333333,200,
974,Negative,Negative,Sadness,Sadness,2,2,0.5,0.5,0.5,200,
975,Positive,Positive,Happy,Love,2,3,1.0,1.0,1.0,200,
976,Negative,Negative,Sadness,Sadness,2,3,0.5,0.5,0.5,200,
977,Negative,Negative,Anger,Anger,2,1,0.0,0.0,0.0,200,
978,Negative,Negative,Sadness,Anger,2,1,0.0,0.0,0.0,200,
979,Negative,Negative,Anger,Anger,2,1,1.0,0.5,0.6666666666666666,200,
980,Positive,Negative,Happy,Anger,2,2,1.0,1.0,1.0,200,
981,Negative,Negative,Sadness,Sadness,2,2,0.0,0.0,0.0,200,
982,Negative,Negative,Anger,Sadness,3,3,0.6666666666666666,0.6666666666666666,0.6666666666666666,200,
983,Negative,Negative,Anger,Anger,2,2,0.0,0.0,0.0,200,
984,Positive,Negative,Happy,Sadness,2,2,1.0,1.0,1.0,200,
985,Negative,Negative,Anger,Sadness,3,3,1.0,1.0,1.0,200,
986,Neutral,Neutral,Anger,Sadness,3,2,0.5,0.3333333333333333,0.4,200,
987,Positive,Negative,Happy,Anger,3,3,1.0,0.6666666666666666,0.8,200,
988,Negative,Negative,Anger,Anger,2,2,0.0,0.0,0.0,200,
989,Negative,Negative,Anger,Anger,2,2,0.5,0.5,0.5,200,
990,Positive,Negative,Happy,Anger,2,2,0.5,0.5,0.5,200,
991,Negative,Negative,Sadness,Anger,2,2,0.5,0.5,0.5,200,
992,Positive,Negative,Happy,Anger,2,2,1.0,0.5,0.6666666666666666,200,
993,Negative,Negative,Anger,Anger,2,1,0.0,0.0,0.0,200,
994,Negative,Negative,Anger,Anger,2,3,0.5,0.5,0.5,200,
995,Positive,Positive,Happy,Happy,2,2,0.5,0.5,0.5,200,
996,Negative,Negative,Anger,Anger,2,2,0.0,0.0,0.0,200,
997,Negative,Negative,Sadness,Sadness,2,2,1.0,0.5,0.6666666666666666,200,
998,Neutral,Negative,Happy,Sadness,2,3,0.0,0.0,0.0,200,
999,Negative,Positive,Anger,Happy,2,3,0.5,0.5,0.5,200,
